{"cameraMode":{"drawMode":0,"name":"Shaded","section":"Shading Mode"},"sceneLighting":true,"audioPlay":false,"sceneViewState":{"showFog":true,"showMaterialUpdate":false,"showSkybox":true,"showFlares":true,"showImageEffects":true,"showParticleSystems":true},"in2DMode":false,"pivot":{"x":232.23919677734376,"y":-6.051767349243164,"z":0.1349506378173828},"rotation":{"x":-0.09275467693805695,"y":-0.547076404094696,"z":0.061128031462430957,"w":-0.8297381401062012},"size":8.75971794128418,"orthographic":false}